Metode,Akurasi
TF-IDF,32.3943661971831
IndoBERT,33.80281690140845
